first_name,last_name,display_name,email,password
William,Oliver,oliver80,oliverwilliam@yahoo.com,_S4Xspd+&^
James,Bautista,bautista33,bautistajames@hotmail.com,5r7PPy^a7@
Bobby,Taylor,taylor76,taylorbobby@gmail.com,odEp3D7o&%
Joseph,Poole,poole59,poolejoseph@gmail.com,heBybj+b#1
Nicole,Yoder,yoder79,yodernicole@hotmail.com,d$4P6sHe^O
Robert,Armstrong,armstrong19,armstrongrobert@gmail.com,a+0Q8xYy^V
Brian,Jones,jones20,jonesbrian@hotmail.com,&b@CssHhy3
William,Gutierrez,gutierrez6,gutierrezwilliam@hotmail.com,*vA43T+nc(
Monica,Davis,davis59,davismonica@hotmail.com,VKKubG!p!2
Paige,Quinn,quinn8,quinnpaige@gmail.com,%mgOPCbD!7
